{"cameraMode":{"drawMode":0,"name":"Shaded","section":"Shading Mode"},"sceneLighting":false,"audioPlay":false,"sceneViewState":{"m_AlwaysRefresh":false,"showFog":true,"showSkybox":false,"showFlares":true,"showImageEffects":true,"showParticleSystems":true,"showVisualEffectGraphs":true,"m_FxEnabled":true},"in2DMode":false,"pivot":{"x":30.948083877563478,"y":14.850385665893555,"z":0.03445625305175781},"rotation":{"x":0.025806613266468049,"y":0.005993506871163845,"z":-0.00015534248086623847,"w":0.9996499419212341},"size":3.514185667037964,"orthographic":true}