{"cameraMode":{"drawMode":0,"name":"Shaded","section":"Shading Mode"},"sceneLighting":true,"audioPlay":false,"sceneViewState":{"m_AlwaysRefresh":false,"showFog":true,"showSkybox":true,"showFlares":true,"showImageEffects":true,"showParticleSystems":true,"showVisualEffectGraphs":true,"m_FxEnabled":true},"in2DMode":false,"pivot":{"x":771.4637451171875,"y":654.4544677734375,"z":-814.190673828125},"rotation":{"x":0.06595450639724732,"y":0.014663209207355976,"z":-0.000971824221778661,"w":0.9977191686630249},"size":1755.9180908203125,"orthographic":true}