{"cameraMode":{"drawMode":0,"name":"Shaded","section":"Shading Mode"},"sceneLighting":true,"audioPlay":false,"sceneViewState":{"m_AlwaysRefresh":false,"showFog":true,"showSkybox":true,"showFlares":true,"showImageEffects":true,"showParticleSystems":true,"showVisualEffectGraphs":true,"m_FxEnabled":true},"in2DMode":false,"pivot":{"x":1.2244685888290406,"y":5.217079162597656,"z":0.000015735626220703125},"rotation":{"x":-0.19776348769664765,"y":0.6796335577964783,"z":-0.19823794066905976,"w":-0.6780056357383728},"size":27.60393524169922,"orthographic":true}