{"cameraMode":{"drawMode":0,"name":"Shaded","section":"Shading Mode"},"sceneLighting":false,"audioPlay":false,"sceneViewState":{"m_AlwaysRefresh":false,"showFog":true,"showSkybox":false,"showFlares":true,"showImageEffects":true,"showParticleSystems":true,"showVisualEffectGraphs":true,"m_FxEnabled":true},"in2DMode":false,"pivot":{"x":-3.77553129196167,"y":5.217079162597656,"z":0.000015735626220703125},"rotation":{"x":-0.4607742726802826,"y":0.38196367025375368,"z":-0.22928713262081147,"w":-0.767634928226471},"size":34.20848846435547,"orthographic":true}