{"cameraMode":{"drawMode":0,"name":"Shaded","section":"Shading Mode"},"sceneLighting":false,"audioPlay":false,"sceneViewState":{"m_AlwaysRefresh":false,"showFog":true,"showSkybox":false,"showFlares":true,"showImageEffects":true,"showParticleSystems":true,"showVisualEffectGraphs":true,"m_FxEnabled":true},"in2DMode":false,"pivot":{"x":24.440000534057618,"y":2.7300000190734865,"z":12.890000343322754},"rotation":{"x":-0.0009549812530167401,"y":0.9990228414535523,"z":-0.03568975254893303,"w":-0.027553146705031396},"size":2.3235273361206056,"orthographic":true}