{"cameraMode":{"drawMode":0,"name":"Shaded","section":"Shading Mode"},"sceneLighting":false,"audioPlay":false,"sceneViewState":{"m_AlwaysRefresh":false,"showFog":true,"showSkybox":false,"showFlares":true,"showImageEffects":true,"showParticleSystems":true,"showVisualEffectGraphs":true,"m_FxEnabled":true},"in2DMode":false,"pivot":{"x":-1.2100000381469727,"y":2.126023292541504,"z":-5.447282314300537},"rotation":{"x":-0.24002595245838166,"y":0.23792999982833863,"z":-0.060811396688222888,"w":-0.9391994476318359},"size":1.3987798690795899,"orthographic":false}